timestamp,vm_cost_per_hour_sum,switching_cost_sum,total_cost_per_hour_sum,cpu_required_cores_max,mem_required_gb_max,cpu_overflow_cores_max,mem_overflow_gb_max,cpu_vm_only_max,mem_vm_only_max,sla_violation_flag_sum,sla_violation_flag_mean
1970-01-25 01:00:00,0.0,0.0,0.0,0.67,0.3197715264493336,0.0,0,0.0,0.0,0,0.0
1970-01-25 01:30:00,14.4544,2.02,16.4744,2.09,0.29174428385940954,1.39,0,134.0,828.0,0,0.0
1970-01-25 02:00:00,0.0,0.0,0.0,0.68,0.28125668319058655,0.0,0,0.0,0.0,0,0.0
1970-01-25 02:30:00,0.0,0.0,0.0,0.4670000000000413,0.27726360740621653,0.0,0,0.0,0.0,0,0.0
1970-01-25 03:00:00,4.3712,1.42,5.7912,1.66,0.2797434244779184,0.96,0,80.0,312.0,0,0.0
1970-01-25 03:30:00,0.48,0.13,0.61,0.81,0.29919160126665356,0.1100000000000001,0,10.0,72.0,0,0.0
1970-01-25 04:00:00,2.016,0.11,2.126,0.76,0.2837807475930681,0.06000000000000005,0,42.0,200.0,0,0.0
1970-01-25 04:30:00,0.896,0.35000000000000003,1.246,0.7545000000000129,0.4339434056973846,0.05450000000001298,0,30.0,112.0,0,0.0
1970-01-25 05:00:00,14.5952,1.35,15.945200000000002,1.87,0.2867630176876247,1.1700000000000002,0,120.0,632.0,0,0.0
